ACUTE;3.5
Adolescence;1.5
Ageage Again;2
Aikotoba;1
Akatsuki Arrival;3
Amatsu Kitsune;2.5
Arifureta Sekai Seifuku;1.5
Ashes to Ashes;1
Black?Rock Shooter;2
Break It, Break It!;2.5
Butterfly on Your Right Shoulder;2.5
Cantarella;3
Cat Food;2.5
Cendrillion;1.5
Change Me;3
Clover?Club;2
Colorful X Melody;3.5
Continuing Dream;2
Dear;3.5
Dear cocoa girls;3.5
Decorator;3.5
Deep Sea City Underground;3
Deep Sea Girl;2
Double Lariat;3
Doubleganger;4
Dream-Eating Monochrome Baku;2
Electric Angel;1.5
Electrosaturator;3
Envy Cat Walk;4
Erase or Zero;2
Far Away;2
Finder (DSLR remix - re:edit);2
Fire?Flower;3
Freely Tomorrow;3
from Y to Y;3
Gaikotsu Gakudan to Riria;3.5
Gemini;3
Ghost Rule;3.5
Gigantic Girl;3
Gizmo;2
Glory 3usi9;2.5
God-Tier Tune;2.5
Hanamai Tsukuyomi Tan;2.5
Hand in Hand;1
Hello, Worker;3.5
*Hello, Planet.;3
Here Comes Karakasa-san;2
Hibikase;2
High School Days - DIVA EDIT;3
Hm? Ah, Yes.;3.5
How'd It Get To Be Like This?;2.5
I'll Miku-Miku You? (For Reals);3
I Really Do Understand;3
Idol Radio (Game Edit);2.5
Ievan Polkka;3
Innocence;2
Interviewer;2
Iya Iya Seijin;3.5
Jaded;1
Just Be Friends;2
Karakuri Pierrot;2.5
Kimi Ni;2
Kimi no Taion;3
Knife;1.5
Knight of Light;2.5
Kokoro;2
Last Night, Good Night;2
LOL -lots of laugh-;2
Look This Way, Baby;4
Love-Colored Ward;4
Love-Hate;2
Love is War;2
Lucid Dreaming;3.5
Luka Luka ? Night Fever;3.5
Magnet;4.5
Meiteki Cybernetics;2.5
Melancholic;3
melody...;2.5
Melt;3
Meteor;1
Monochrome?Blue Sky;3
moon;2
NekoMimi Archive;3.5
NekoMimi Switch;2.5
Nice To Meet You, Mr. Earthling;3
Nightmare ? Party Night;3
Now Choose;2
Nyanyanyanyanyanyanya!;3
Oha-Yo-del!!;2
Packaged;2
Paradichlorobenzene;3
Paris Cinema Girl;3.5
Piano x Forte x Scandal;4
PIANO*GIRL;3
Pinky Swear;1.5
Po Pi Po;2
Promise;3.5
Puzzle;1.5
Quartet of Multiple Futures -Quartet Theme-;2.5
Rain With A Chance of Sweet*Drops;3
Remote Controller;3.5
Rin-chan Now!;2
RinRin Signal -Append Mix-;2.5
Romeo and Cinderella;4
Roshin Yukai;3
Sadistic.Music?Factory;3
Saihate;2
Sakura no Ame;2
Sayonara, Goodbye;2.5
Sekiranun Graffiti;3
Senbonzakura;2
Senbonzakura -F edition-;2.5
shake it!;2.5
slump;2.5
Snowman;1.5
So Much Loving You? -DIVA Edit-;3
Song of Eternity -DIVAMIX-;1
Song of Life;1.5
Sound;3.5
Soundless Voice;2.5
SPiCa -39's Giving Day Edition-;3.5
Star Story;1.5
Starduster;3.5
Suna no Wakusei feat. Hatsune Miku;3
Stay with me;2.5
Strobe Nights;2
Summer Idol;2.5
Sweet Devil;3
Sweet Magic;1
Tell Your World;1
That One Second in Slow Motion;4
The First Sound;3
The Intense Voice of Hatsune Miku;3
The secret garden;2
The Star Maker;2
The World is Mine;4
This is the Happiness and Peace of Mind Committee;3.5
Though My Song Has No Form;3
Thousand Year Solo (DIVA Edit);2
Time Limit;2
Time Machine;1
Torinokocity;2
Travel to The Other Side of The Moon;3
Two Breaths Walking;3
Unhappy Refrain;3
Updating My Love List?;3
Velvet Arabesque;1.5
VOC@LOID in Love;2.5
V0iCE -DIVA MIX-;2
Weekender Girl;2
What Do You Mean!?;3
When First Love Ends;4
White Dove;3.5
Wintry Winds;2
Wolf Girl;2.5
World's End Dance Hall -Live Dance Edition-;3
World's End Umbrella;2
Yellow;2
Yumeyume;3
1/6 -out of the gravity-;2
1925;2
2D Dream Fever;4
39;4
