A Song of Wastelands. Forests. and Magic;7.5
Betty The Liar;9.5
Black Gold;9.5
Cantarella;8.5
Change Me;7.5
Close and Open. Demons and The Dead;9
Clover?Club;7.5
Colorful X Melody;8
Colorful X Sexy;9
Dance of Many;8.5
Dear;7.5
Dear cocoa girls;7.5
Deep Sea City Underground;8.5
Deep Sea Girl;8
Disruptive Diva;8.5
Double Lariat;8
Dreaming Leaf;8
Electric Angel;8.5
Far Away;6
Finder (DSLR remix - re:edit);7.5
Francisca;9
from Y to Y;7.5
Gigantic Girl;7.5
Gothic and Loneliness ~I'm the very DIVA~;10
Grumpy Waltz;9.5
High School Days - DIVA EDIT;8
I'll Miku-Miku You? (For Reals);8
I'm Your Diva;7.5
I Really Do Understand;8
Ievan Polkka;9.5
Innocence;7.5
Iroha Uta;9.5
Just Be Friends;8
Kipple Industry. Inc.;9
Kokoro;8
Look This Way. Baby;8.5
Love-Colored Ward;9
Love is War;8.5
Love's note;8
Lover's Suicide Oblivion;8
Magical Sound Shower;9
maigo life;8.5
Master of Puppets;9.5
Meiteki Cybernetics;9
Melt;8
Miracle Paint;8.5
NekoMimi Archive;9.5
Nightmare ? Party Night;8
On The Rocks;8
One-Sided Love Samba;9.5
Packaged;7.5
Palette;8
Pane dhiria;9
Pink Moon;8
Po Pi Po;10
Promise;8
Rain With A Chance of Sweet*Drops;8
Requiem for the Phantasma;9.5
Romeo and Cinderella;8.5
Rosary Pale;8.5
Roshin Yukai;7.5
Saihate;9
Sayonara. Goodbye;8
Sekiranun Graffiti;8
Solitude's End -extend edition-;9.5
Song of Eternity -DIVAMIX-;7.5
Sound;8.5
Star Story;7
Stardust Utopia;8.5
StargazeR;8
Strobe Nights;8
That One Second in Slow Motion;7.5
The Disappearance of Hatsune Miku;10
The First Sound;7.5
The Snow White Princess is...;8
The Star Maker;8.5
The World is Mine;8
Though My Song Has No Form;7.5
Thousand Year Solo (DIVA Edit);8
To the End of Infinity;8
Transparent Watercolors;9
Two-Sided Lovers;10
Velvet Arabesque;6.5
V0iCE -DIVA MIX-;8.5
When First Love Ends;7.5
White Dove;8.5
Wintry Winds;9
Yellow;7.5
ZIGG-ZAGG;8.5
39;8
