A Song of Wastelands. Forests. and Magic;6.5
Absolunote;8.5
ACUTE;7.5
Adolescence;8
AFTER BURNER;8.5
Ageage Again;8.5
Aikotoba;7
Akatsuki Arrival;8.5
Amatsu Kitsune;8
Arifureta Sekai Seifuku;9
Ashes to Ashes;8
Betty The Liar;8
Beware of the Miku Miku Germs?;8
Black Gold;8.5
Black?Rock Shooter;7.5
Blackjack;9.5
break,down;8
Break It. Break It!;8.5
Butterfly on Your Right Shoulder;8
Butterfly on Your Right Shoulder -39's Giving Day Edition-;8.5
Cantarella;7
Cat Food;8
Cendrillion;8.5
Change Me;7
Close and Open. Demons and The Dead;8
Clover?Club;7
Colorful X Melody;8
Colorful X Sexy;8.5
Continuing Dream;6.5
Dance of Many;7
Dear;7.5
Dear cocoa girls;6.5
Decorator;7.5
Deep Sea City Underground;7
Deep Sea Girl;7
Denparadigm;10
Disruptive Diva;8
Double Lariat;7
Doubleganger;8.5
Dream-Eating Monochrome Baku;8
Dreaming Leaf;8
DYE;8.5
Electric Angel;7
Electrosaturator;8
Envy Cat Walk;9.5
Equation+**;8.5
Erase or Zero;8
Far Away;6
Finder (DSLR remix - re:edit);7
Fire?Flower;7.5
Francisca;9
Freely Tomorrow;7
from Y to Y;7
Gaikotsu Gakudan to Riria;9.5
Gemini;7.5
Ghost rule;9
Gigantic Girl;7
Gizmo;8
Glasses;8
Glory 3usi9;7.5
God-Tier Tune;7
Gothic and Loneliness ~I'm the very DIVA~;9
Grumpy Waltz;9.5
Hanamai Tsukuyomi Tan;7.5
Hand in Hand;7.5
Hello. Worker;8
*Hello. Planet.;8
Here Comes Karakasa-san;7
Hibikase;8.5
High School Days - DIVA EDIT;8
Hm? Ah. Yes.;8.5
Holy Star -2010 DIVA mix-;7
How'd It Get To Be Like This?;9
I'll Miku-Miku You? (For Reals);7
I'm Your Diva;7
I Really Do Understand;7
Idol Radio (Game Edit);7.5
Ievan Polkka;8
Innocence;6
Interviewer;7.5
Iroha Uta;9
Iya Iya Seijin;9.5
Jaded;7.5
Jugemu Sequencer;8.5
Just Be Friends;8
Karakuri Pierrot;8
Kimi Ni;8.5
Kimi no Taion;8.5
Kipple Industry. Inc.;8
Knife;8.5
Knight of Light;7.5
Kokoro;7
Last Night. Good Night;6.5
Leia;8
Let Me Lose Myself in The Black Note;8
LIKE THE WIND;8
LOL -lots of laugh-;7.5
Look This Way. Baby;8.5
Love-Colored Ward;9
Love-Hate;7.5
Love is War;8
Love's note;7.5
Lover's Suicide Oblivion;8
Lucid Dreaming;8
Luka Luka ? Night Fever;8
Magical Sound Shower;8.5
Magnet;8
maigo life;7
Marginal;8
Master of Puppets;8.5
Meiteki Cybernetics;8
Melancholic;8
Mellow Yellow;8
melody...;8
Melt;7
Meteor;7.5
Miracle Paint;8.5
Monochrome?Blue Sky;7
moon;7
Mousou Sketch;9
Negaposi*Continues;10
NekoMimi Archive;8.5
NekoMimi Switch;7.5
Nice To Meet You. Mr. Earthling;8
Nightmare ? Party Night;6.5
No Logic;8
Nostalogic;7.5
Now Choose;8
Nyanyanyanyanyanyanya!;9
Odds & Ends;8.5
Oha-Yo-del!!;9
On The Rocks;8
One-Sided Love Samba;7.5
Out of Eden;8
Packaged;7
Palette;7
Pane dhiria;8.5
Paradichlorobenzene;9
Paris Cinema Girl;8
Perico Space Shipper;7.5
Piano x Forte x Scandal;9.5
PIANO*GIRL;8.5
Pink Moon;7.5
Pinky Swear;8.5
Po Pi Po;9.5
Promise;8
Puzzle;6.5
Quartet of Multiple Futures -Quartet Theme-;8.5
Rain With A Chance of Sweet*Drops;7
Remote Controller;8
Requiem for the Phantasma;8.5
Rin-chan Now!;9
RinRin Signal -Append Mix-;7
Rolling Girl;9
Romeo and Cinderella;9
Rosary Pale;8
Roshin Yukai;8
Sadistic.Music?Factory;10
Saihate;9.5
Sakura no Ame;7
Sayonara. Goodbye;7
Secret Police;9
Sekiranun Graffiti;7
Senbonzakura;8
Senbonzakura -F edition-;9.5
shake it!;8
SING&SMILE;8.5
slump;8.5
Snowman;8.5
So Much Loving You? -DIVA Edit-;8
Soiyassa!!;8.5
Solitude's End;8
Solitude's End -extend edition-;9
Song of Eternity -DIVAMIX-;6.5
Song of Life;6
Sound;8
Soundless Voice;7.5
SPiCa -39's Giving Day Edition-;8
Star Story;7
Stardust Utopia;8
Starduster;6.5
StargazeR;8
Starlite?Lydian;8
Suna no Wakusei feat. Hatsune Miku;9
Stay with me;7.5
Step Forward;9
Strobe Nights;7.5
Summer Idol;8
Sweet Devil;9
Sweet Magic;8
SYMPHONIC DIVE - DIVA FT edit -;8.5
Systematic Love;8.5
Tell Your World;6.5
Tengaku;8
Terekakushi Shishunki;8
That One Second in Slow Motion;7
The Disappearance of Hatsune Miku;9
The First Sound;7
The Intense Voice of Hatsune Miku;10
The MMORPH Addict's Anthem;8
The secret garden;6
The Snow White Princess is...;7.5
The Star Maker;8
The Two of Us - Futaride;7.5
The World is Mine;7.5
This is the Happiness and Peace of Mind Committee;9
Though My Song Has No Form;7
Thousand Year Solo (DIVA Edit);7
Time Limit;8
Time Machine;7.5
To the End of Infinity;7
Tokyo Teddy Bear;8
Torinokocity;8
Transparent Watercolors;8.5
Travel to The Other Side of The Moon;8
Tricolore Airline;7.5
Two Breaths Walking;8
Two-Sided Lovers;10
Unhappy Refrain;9
Updating My Love List?;7
Velvet Arabesque;6.5
VOC@LOID in Love;7
V0iCE -DIVA MIX-;8
Weekender Girl;7
What Do You Mean!?;8
When First Love Ends;7
White Dove;7
Wintry Winds;8
Wolf Girl;7.5
World's End Dance Hall -Live Dance Edition-;10
World's End Umbrella;8
Yellow;6
Yumeyume;7
ZIGG-ZAGG;8
1/6 -out of the gravity-;7
1925;8.5
2D Dream Fever;10
39;7
