A Song of Wastelands. Forests. and Magic;5
Absolunote;6
ACUTE;6
Adolescence;5.5
AFTER BURNER;5.5
Ageage Again;6.5
Aikotoba;5
Akatsuki Arrival;6.5
Amatsu Kitsune;5.5
Arifureta Sekai Seifuku;6.5
Ashes to Ashes;5
Betty The Liar;5.5
Beware of the Miku Miku Germs?;6.5
Black Gold;7.5
Black?Rock Shooter;6
Blackjack;7.5
break,down;6.5
Break It. Break It!;6.5
Butterfly on Your Right Shoulder;6.5
Butterfly on Your Right Shoulder -39's Giving Day Edition-;6.5
Cantarella;5.5
Cat Food;6
Cendrillion;5.5
Change Me;5
Close and Open. Demons and The Dead;6.5
Clover?Club;5
Colorful X Melody;6
Colorful X Sexy;7.5
Continuing Dream;5.5
Dance of Many;6
Dear;5.5
Dear cocoa girls;5
Decorator;5.5
Deep Sea City Underground;5
Deep Sea Girl;5
Denparadigm;8
Disruptive Diva;7
Double Lariat;6
Doubleganger;7
Dream-Eating Monochrome Baku;6.5
Dreaming Leaf;6.5
DYE;6
Electric Angel;5.5
Electrosaturator;6.5
Envy Cat Walk;7.5
Equation+**;6.5
Erase or Zero;6
Far Away;4.5
Finder (DSLR remix - re:edit);5
Fire?Flower;6
Francisca;7
Freely Tomorrow;6
from Y to Y;5.5
Gaikotsu Gakudan to Riria;8
Gemini;5.5
ghost rule;7.5
Gigantic Girl;5
Gizmo;6
Glasses;6.5
Glory 3usi9;6
God-Tier Tune;5
Gothic and Loneliness ~I'm the very DIVA~;7.5
Grumpy Waltz;7
Hanamai Tsukuyomi Tan;5.5
Hand in Hand;5
Hello. Worker;6
*Hello. Planet.;6.5
Here Comes Karakasa-san;5
Hibikase;6
High School Days - DIVA EDIT;6
Hm? Ah. Yes.;7
Holy Star -2010 DIVA mix-;5
How'd It Get To Be Like This?;6
I'll Miku-Miku You? (For Reals);6
I'm Your Diva;5.5
I Really Do Understand;5.5
Idol Radio (Game Edit);5
Ievan Polkka;7
Innocence;5
Interviewer;6
Iroha Uta;7
Iya Iya Seijin;7
Jaded;4
Jugemu Sequencer;6.5
Just Be Friends;6
Karakuri Pierrot;6.5
Kimi Ni;6
Kimi no Taion;6.5
Kipple Industry. Inc.;7
Knife;7
Knight of Light;6
Kokoro;4
Last Night. Good Night;5.5
Leia;6.5
Let Me Lose Myself in The Black Note;6
LIKE THE WIND;6
LOL -lots of laugh-;5
Look This Way. Baby;6
Love-Colored Ward;6
Love-Hate;5.5
Love is War;6
Love's note;6.5
Lover's Suicide Oblivion;6
Lucid Dreaming;6
Luka Luka ? Night Fever;6.5
Magical Sound Shower;8
Magnet;6.5
maigo life;6
Marginal;6
Master of Puppets;6.5
Meiteki Cybernetics;6
Melancholic;5.5
Mellow Yellow;6.5
melody...;5.5
Melt;6
Meteor;5.5
Miracle Paint;6.5
Monochrome?Blue Sky;5
moon;5.5
Mousou Sketch;6
Negaposi*Continues;8
NekoMimi Archive;7
NekoMimi Switch;5
Nice To Meet You. Mr. Earthling;6.5
Nightmare ? Party Night;6
No Logic;6.5
Nostalogic;6
Now Choose;5
Nyanyanyanyanyanyanya!;6.5
Odds & Ends;6.5
Oha-Yo-del!!;5.5
On The Rocks;6
One-Sided Love Samba;7
Out of Eden;6
Packaged;4.5
Palette;6
Pane dhiria;6
Paradichlorobenzene;6.5
Paris Cinema Girl;6.5
Perico Space Shipper;5
Piano x Forte x Scandal;6.5
PIANO*GIRL;6.5
Pink Moon;6.5
Pinky Swear;6
Po Pi Po;7.5
Promise;6
Puzzle;5
Quartet of Multiple Futures -Quartet Theme-;6
Rain With A Chance of Sweet*Drops;6
Remote Controller;6
Requiem for the Phantasma;7.5
Rin-chan Now!;6.5
RinRin Signal -Append Mix-;5
Rolling Girl;6
Romeo and Cinderella;6
Rosary Pale;6.5
Roshin Yukai;5
Sadistic.Music?Factory;7.5
Saihate;6
Sakura no Ame;5
Sayonara. Goodbye;6
Secret Police;6.5
Sekiranun Graffiti;5
Senbonzakura;6.5
Senbonzakura -F edition-;7.5
shake it!;6
SING&SMILE;6.5
slump;6
Snowman;6.5
So Much Loving You? -DIVA Edit-;5.5
Soiyassa!!;7
Solitude's End;6
Solitude's End -extend edition-;6
Song of Eternity -DIVAMIX-;4.5
Song of Life;5
Sound;6
Soundless Voice;6
SPiCa -39's Giving Day Edition-;6.5
Star Story;4
Stardust Utopia;6.5
Starduster;5
StargazeR;6
Starlite?Lydian;6
Suna no Wakusei feat. Hatsune Miku;7
Stay with me;5
Step Forward;7.5
Strobe Nights;5
Summer Idol;6
Sweet Devil;6
Sweet Magic;6
SYMPHONIC DIVE - DIVA FT edit -;6
Systematic Love;6.5
Tell Your World;5
Tengaku;6
Terekakushi Shishunki;6
That One Second in Slow Motion;6.5
The Disappearance of Hatsune Miku;7
The First Sound;5
The Intense Voice of Hatsune Miku;8
The MMORPG Addict's Anthem;6
The secret garden;5
The Snow White Princess is...;6.5
The Star Maker;6
The Two of Us - Futaride;5
The World is Mine;6
This is the Happiness and Peace of Mind Committee;7
Though My Song Has No Form;5
Thousand Year Solo (DIVA Edit);5
Time Limit;5
Time Machine;5
To the End of Infinity;6
Tokyo Teddy Bear;6.5
Torinokocity;6
Transparent Watercolors;6.5
Travel to The Other Side of The Moon;6.5
Tricolore Airline;6
Two Breaths Walking;7.5
Two-Sided Lovers;7
Unhappy Refrain;7
Updating My Love List?;6
Velvet Arabesque;4.5
VOC@LOID in Love;5
V0iCE -DIVA MIX-;5
Weekender Girl;5
What Do You Mean!?;6.5
When First Love Ends;6
White Dove;6
Wintry Winds;5
Wolf Girl;5
World's End Dance Hall -Live Dance Edition-;7
World's End Umbrella;6
Yellow;5
Yumeyume;6
ZIGG-ZAGG;6
1/6 -out of the gravity-;5
1925;6.5
2D Dream Fever;7.5
39;6
