Aikotoba;3
Out of Eden;5
Akatsuki Arrival;5.5
ACUTE;4.5
Ageage Again;4.5
Adolescence;4
I'm Your Diva;4
Absolunote;4
AFTER BURNER;4.5
Dance of Many;4
Amatsu Kitsune;3.5
Rain With A Chance of Sweet*Drops;5
Arifureta Sekai Seifuku;3.5
Unhappy Refrain;5.5
Ievan Polkka;5.5
Yellow;4
Equation+**;5
1925;4.5
Innocence;4
Iya Iya Seijin;5
Erase or Zero;4
Iroha Uta;5.5
Interviewer;4.5
Weekender Girl;3.5
Betty The Liar;4.5
Though My Song Has No Form;4
Two-Sided Lovers;4
Hm? Ah. Yes.;5
LOL -lots of laugh-;4
Electric Angel;3.5
Electrosaturator;4
Envy Cat Walk;6
Wolf Girl;4
Odds & Ends;5.5
Oha-Yo-del!!;3
On The Rocks;5
Gaikotsu Gakudan to Riria;6
One-Sided Love Samba;5
God-Tier Tune;4
Here Comes Karakasa-san;3.5
Karakuri Pierrot;4.5
Colorful X Sexy;5.5
Colorful X Melody;5
Cantarella;4
Gizmo;4
Kipple Industry. Inc.;6
Kimi Ni;4.5
Kimi no Taion;4.5
Cat Food;5
Gigantic Girl;4
Idol Radio (Game Edit);3.5
Clover?Club;4
Glory 3usi9;4
Love-Colored Ward;5
Love's note;4
Love is War;4
A Song of Wastelands. Forests. and Magic;4
Ghost Rule;5.5
Requiem for the Phantasma;5.5
Kokoro;3
Gothic and Loneliness ~I'm the very DIVA~;5
This is the Happiness and Peace of Mind Committee;5
Look This Way. Baby;5.5
Solitude's End;4.5
Solitude's End -extend edition-;5
Break It. Break It!;4
Now Choose;4
Saihate;4
Sound;5
Soundless Voice;5
Sakura no Ame;3.5
Sadistic.Music?Factory;4.5
Summer Idol;3.5
Sayonara. Goodbye;4.5
39;5
Cendrillion;4
The secret garden;4
shake it!;4.5
Gemini;4.5
ZIGG-ZAGG;4.5
Systematic Love;4.5
Just Be Friends;5
Jugemu Sequencer;4.5
The Snow White Princess is...;5.5
Deep Sea City Underground;4
Deep Sea Girl;5
SING&SMILE;4
SYMPHONIC DIVE - DIVA FT edit -;4
Sweet Magic;3.5
Sweet Devil;4
Love-Hate;4
StargazeR;4.5
Star Story;3
Starduster;4
Starlite?Lydian;5
Stay with me;4
Step Forward;6
???? feat.????;5.5
Snowman;4
SPiCa -39's Giving Day Edition-;5
slump;4
Sekiranun Graffiti;4
Thousand Year Solo (DIVA Edit);4
Senbonzakura;4
Senbonzakura -F edition-;4.5
Soiyassa!!;5
So Much Loving You? -DIVA Edit-;4.5
That One Second in Slow Motion;5
DYE;4
Time Machine;3
Time Limit;4
Quartet of Multiple Futures -Quartet Theme-;4
Double Lariat;4.5
Change Me;4
Wintry Winds;4
Travel to The Other Side of The Moon;5.5
Dear;4.5
Dear cocoa girls;4
Decorator;4
Tell Your World;3
Terekakushi Shishunki;4.5
Tengaku;4
Denparadigm;5.5
What Do You Mean!?;4
Tokyo Teddy Bear;5
How'd It Get To Be Like This?;4
Transparent Watercolors;5.5
Dreaming Leaf;5.5
Tricolore Airline;4.5
Torinokocity;4.5
Knight of Light;4.5
Nightmare ? Party Night;4
Knife;4.5
To the End of Infinity;4.5
Doubleganger;5.5
2D Dream Fever;6
Two Breaths Walking;4.5
Nyanyanyanyanyanyanya!;5.5
Negaposi*Continues;6
NekoMimi Archive;5
NekoMimi Switch;3.5
The MMORPH Addict's Anthem;5.5
No Logic;4.5
Nostalogic;4.5
High School Days - DIVA EDIT;4
Ashes to Ashes;3
The First Sound;4
When First Love Ends;5
Nice To Meet You. Mr. Earthling;4.5
Puzzle;4
The Intense Voice of Hatsune Miku;6
The Disappearance of Hatsune Miku;6.5
Hanamai Tsukuyomi Tan;4
Pane dhiria;4.5
Paradichlorobenzene;5
Paris Cinema Girl;4.5
Palette;5
*Hello. Planet.;4
Hello. Worker;4
Hand in Hand;3
PIANO*GIRL;4.5
Piano x Forte x Scandal;5.5
Hibikase;4
Secret Police;5.5
Velvet Arabesque;3
Pink Moon;5
Fire?Flower;4.5
Finder (DSLR remix - re:edit);4
Grumpy Waltz;5
The Two of Us - Futaride;4
Black Gold;5.5
Blackjack;4.5
Let Me Lose Myself in The Black Note;5
Black?Rock Shooter;4
Francisca;5.5
Freely Tomorrow;5
"break;down";5.5
Promise;4.5
from Y to Y;4
Perico Space Shipper;4.5
V0iCE -DIVA MIX-;4
Disruptive Diva;5
Lover's Suicide Oblivion;4
Holy Star -2010 DIVA mix-;4
Stardust Utopia;5
The Star Maker;4.5
Po Pi Po;5.5
I Really Do Understand;4
Marginal;5.5
maigo life;4
Magnet;5.5
Magical Sound Shower;6.5
Master of Puppets;5.5
Butterfly on Your Right Shoulder;4.5
Butterfly on Your Right Shoulder -39's Giving Day Edition-;5.5
Beware of the Miku Miku Germs;5.5
I'll miku-Miku You (For Reals);5
Miracle Paint;4.5
moon;4
Close and Open. Demons and The Dead;4
Meiteki Cybernetics;5
Glasses;5
Meteor;3
Melancholic;4
Melt;5
Mellow Yellow;5
melody...;3.5
Mousou Sketch;4
Monochrome?Blue Sky;4
Song of Eternity -DIVAMIX-;3
Pinky Swear;4
Dream-Eating Monochrome Baku;4
Continuing Dream;4
Yumeyume;5
LIKE THE WIND;4
Updating My Love List?;4.5
Remote Controller;5
Rin-chan Now!;4.5
RinRin Signal -Append Mix-;4
Luka Luka ? Night Fever;4.5
Lucid Dreaming;4.5
Leia;5.5
Rolling Girl;5
1/6 -out of the gravity-;4
Rosary Pale;4.5
Roshin Yukai;4
Romeo and Cinderella;5
World's End Umbrella;4
World's End Dance Hall -Live Dance Edition-;5
The World is Mine;5.5
